text,label
Developers updated a new AI model. Open source on GitHub Please advise.,tech
Scientists tested trial results. Rollout begins next month Please advise.,health
Doctors tested trial results. Safety profile looks good,health
Analysts cut capital inflows. Volatility remained high Please advise.,finance
Hospitals approved a new vaccine. More data is needed,health
India dominated the final match. Fans celebrated,sports
RBI cut Q2 earnings. Rupee strengthened,finance
The WHO tested trial results. Safety profile looks good üëç,health
The startup built a research paper. Enterprise plan coming soon üëç,tech
FYI: Hospitals approved telemedicine use. Guidelines were updated,health
FYI: Apple launched a research paper. Beta invites are open,tech
Markets signaled capital inflows. Rupee strengthened,finance
Researchers reported a new vaccine. Guidelines were updated üëç,health
The fund signaled interest rates. Rupee strengthened üëç,finance
Developers announced a research paper. Beta invites are open Thanks.,tech
Google launched a smartphone. Open source on GitHub Thanks.,tech
FYI: Developers announced cloud tools. Enterprise plan coming soon,tech
Clinics tested a new vaccine. Guidelines were updated,health
OpenAI launched a new AI model. Beta invites are open üëç,tech
The team lost the series decider. Injury update expected,sports
The bowlers dominated the tournament opener. Fans celebrated,sports
Hospitals recommended patient outcomes! Rollout begins next month,health
NVIDIA announced a research paper! Open source on GitHub,tech
FYI: The fund reported inflation pressure. Rupee strengthened,finance
Google announced GPU drivers. Enterprise plan coming soon Please advise.,tech
Doctors studied patient outcomes! More data is needed,health
Analysts raised GDP growth. Volatility remained high Thanks.,finance
RBI cut interest rates. Volatility remained high,finance
FYI: Investors raised interest rates. Rupee strengthened,finance
The startup released a new AI model! Open source on GitHub,tech
The WHO studied trial results. More data is needed Please advise.,health
Google released a new AI model. Early access for students Thanks.,tech
Researchers reported a new vaccine. Rollout begins next month,health
FYI: Researchers recommended telemedicine use. Safety profile looks good,health
Researchers tested patient outcomes! Safety profile looks good,health
Developers updated GPU drivers. Beta invites are open,tech
SEBI projected GDP growth. Rupee strengthened üëç,finance
The striker dominated training camp. Press conference tomorrow üëç,sports
Scientists tested telemedicine use. Rollout begins next month Please advise.,health
OpenAI launched a smartphone! Beta invites are open,tech
Analysts reported interest rates. Equities pared gains Thanks.,finance
India drew the tournament opener. Press conference tomorrow,sports
Google released GPU drivers. Beta invites are open Thanks.,tech
The captain dominated a close game. Press conference tomorrow,sports
Developers announced a smartphone. Enterprise plan coming soon Please advise.,tech
The fund cut Q2 earnings! Volatility remained high,finance
Scientists reported a new vaccine! Guidelines were updated,health
NVIDIA announced a smartphone. Early access for students Please advise.,tech
India won the tournament opener! Press conference tomorrow,sports
Apple announced a new AI model. Beta invites are open Please advise.,tech
Doctors tested telemedicine use. Safety profile looks good üëç,health
RBI reported Q2 earnings. Bonds rallied,finance
Clinics recommended rare symptoms. More data is needed Thanks.,health
The WHO studied trial results. More data is needed Thanks.,health
FYI: Markets signaled inflation pressure. Equities pared gains,finance
Investors raised inflation pressure. Volatility remained high Please advise.,finance
Apple announced a research paper. Beta invites are open Thanks.,tech
Microsoft released a smartphone. Open source on GitHub Please advise.,tech
FYI: Scientists reported a new vaccine. More data is needed,health
FYI: Microsoft updated a new AI model. Enterprise plan coming soon,tech
Hospitals approved patient outcomes. Rollout begins next month üëç,health
FYI: SEBI raised GDP growth. Volatility remained high,finance
Developers released a new AI model. Enterprise plan coming soon Thanks.,tech
FYI: The striker dominated the tournament opener. A record crowd attended,sports
The bowlers lost a close game. Press conference tomorrow Please advise.,sports
Investors cut capital inflows. Volatility remained high Please advise.,finance
Analysts cut GDP growth. Bonds rallied Please advise.,finance
Google built GPU drivers. Open source on GitHub Thanks.,tech
Google launched a research paper. Open source on GitHub,tech
The striker lost a close game! Press conference tomorrow,sports
Investors signaled Q2 earnings. Rupee strengthened Thanks.,finance
OpenAI released a new AI model. Open source on GitHub Thanks.,tech
FYI: The captain won a close game. Fans celebrated,sports
The coach drew the series decider. Fans celebrated Thanks.,sports
The captain prepared for the tournament opener. Injury update expected Thanks.,sports
The team dominated training camp. Fans celebrated,sports
Analysts signaled capital inflows. Bonds rallied Thanks.,finance
Doctors studied rare symptoms. More data is needed,health
Investors raised inflation pressure. Volatility remained high Thanks.,finance
The startup updated cloud tools. Open source on GitHub üëç,tech
Clinics tested patient outcomes. More data is needed,health
The startup announced a research paper! Early access for students,tech
FYI: The coach prepared for the tournament opener. Press conference tomorrow,sports
Researchers approved patient outcomes. Safety profile looks good,health
FYI: NVIDIA built cloud tools. Enterprise plan coming soon,tech
RBI signaled GDP growth. Volatility remained high,finance
Markets projected GDP growth! Bonds rallied,finance
Microsoft announced GPU drivers! Beta invites are open,tech
RBI reported Q2 earnings! Equities pared gains,finance
FYI: India dominated the series decider. A record crowd attended,sports
FYI: Researchers approved a new vaccine. Safety profile looks good,health
The team dominated the final match. Press conference tomorrow,sports
The captain drew the series decider. Injury update expected Please advise.,sports
Scientists reported telemedicine use. More data is needed,health
FYI: Google launched a research paper. Beta invites are open,tech
Hospitals tested telemedicine use. More data is needed Please advise.,health
India drew training camp. Press conference tomorrow,sports
FYI: The team dominated the final match. Fans celebrated,sports
Clinics recommended patient outcomes! Safety profile looks good,health
NVIDIA updated cloud tools. Early access for students,tech
The WHO tested rare symptoms. Rollout begins next month üëç,health
Scientists recommended telemedicine use. Guidelines were updated,health
The coach prepared for the final match! Injury update expected,sports
Doctors studied trial results. More data is needed,health
The team lost training camp. Injury update expected,sports
The bowlers won training camp. Injury update expected,sports
Doctors tested a new vaccine. More data is needed Please advise.,health
NVIDIA launched a research paper. Enterprise plan coming soon üëç,tech
Clinics reported rare symptoms. Safety profile looks good Thanks.,health
NVIDIA updated GPU drivers. Early access for students Thanks.,tech
FYI: The captain lost a close game. Fans celebrated,sports
Hospitals approved telemedicine use! Safety profile looks good,health
FYI: The captain prepared for the series decider. A record crowd attended,sports
Clinics recommended rare symptoms. Safety profile looks good,health
Hospitals reported telemedicine use. Guidelines were updated üëç,health
Microsoft released GPU drivers. Open source on GitHub Thanks.,tech
The coach won a close game. A record crowd attended Thanks.,sports
SEBI raised GDP growth. Rupee strengthened,finance
The WHO studied a new vaccine. Safety profile looks good Thanks.,health
Developers released a new AI model. Early access for students Please advise.,tech
OpenAI released cloud tools. Beta invites are open Thanks.,tech
Apple launched a research paper. Open source on GitHub üëç,tech
Clinics approved a new vaccine. More data is needed,health
Google released a smartphone. Enterprise plan coming soon,tech
The startup built a research paper! Early access for students,tech
Google released a smartphone. Open source on GitHub Thanks.,tech
The striker lost the tournament opener. Injury update expected üëç,sports
FYI: RBI raised interest rates. Equities pared gains,finance
Hospitals studied patient outcomes. Rollout begins next month Please advise.,health
Hospitals tested trial results. Safety profile looks good Thanks.,health
Apple built a smartphone. Enterprise plan coming soon Please advise.,tech
RBI raised capital inflows. Rupee strengthened,finance
The coach won a close game. A record crowd attended üëç,sports
Google announced a research paper. Enterprise plan coming soon,tech
The captain dominated the final match. A record crowd attended üëç,sports
SEBI cut Q2 earnings. Rupee strengthened Thanks.,finance
Doctors tested rare symptoms. Rollout begins next month,health
NVIDIA built a new AI model. Early access for students Please advise.,tech
Developers released GPU drivers! Early access for students,tech
The startup launched cloud tools. Early access for students Please advise.,tech
Microsoft launched a smartphone. Early access for students Please advise.,tech
Hospitals reported trial results. Safety profile looks good,health
Clinics studied rare symptoms. More data is needed üëç,health
Google updated a research paper. Beta invites are open,tech
FYI: Hospitals approved a new vaccine. Guidelines were updated,health
OpenAI announced a new AI model. Beta invites are open Please advise.,tech
The startup updated a smartphone. Beta invites are open Thanks.,tech
Analysts raised GDP growth. Equities pared gains,finance
Investors signaled inflation pressure. Bonds rallied Please advise.,finance
Google launched a new AI model. Open source on GitHub,tech
FYI: SEBI projected Q2 earnings. Rupee strengthened,finance
The coach won a close game! A record crowd attended,sports
Microsoft updated GPU drivers. Open source on GitHub,tech
FYI: Developers built a new AI model. Beta invites are open,tech
FYI: Researchers approved patient outcomes. Rollout begins next month,health
Microsoft launched cloud tools. Enterprise plan coming soon Thanks.,tech
Microsoft updated cloud tools. Open source on GitHub,tech
FYI: The team dominated the tournament opener. A record crowd attended,sports
Hospitals reported rare symptoms. Rollout begins next month,health
Google released GPU drivers. Early access for students Thanks.,tech
FYI: The startup updated cloud tools. Enterprise plan coming soon,tech
The fund signaled interest rates. Equities pared gains üëç,finance
FYI: Scientists studied telemedicine use. Safety profile looks good,health
The coach drew the tournament opener. A record crowd attended,sports
Investors reported Q2 earnings. Bonds rallied,finance
Hospitals recommended patient outcomes. Rollout begins next month Thanks.,health
Analysts projected interest rates. Volatility remained high Thanks.,finance
FYI: The fund signaled interest rates. Rupee strengthened,finance
The coach dominated the tournament opener. Press conference tomorrow Thanks.,sports
FYI: Scientists tested rare symptoms. Rollout begins next month,health
The coach won the final match! Fans celebrated,sports
The fund cut inflation pressure. Bonds rallied Thanks.,finance
FYI: Google built cloud tools. Open source on GitHub,tech
The striker won the final match. A record crowd attended Please advise.,sports
India dominated the tournament opener. Injury update expected,sports
Hospitals reported trial results. Guidelines were updated üëç,health
The team lost training camp. Press conference tomorrow üëç,sports
The team lost the tournament opener. A record crowd attended Please advise.,sports
Developers announced a new AI model. Open source on GitHub,tech
India drew the final match. Fans celebrated üëç,sports
The bowlers won a close game. Injury update expected,sports
The fund cut capital inflows. Bonds rallied Please advise.,finance
The coach dominated a close game! Press conference tomorrow,sports
Scientists reported a new vaccine. More data is needed Thanks.,health
FYI: Hospitals approved trial results. Rollout begins next month,health
FYI: OpenAI updated a research paper. Early access for students,tech
Hospitals reported telemedicine use. Guidelines were updated,health
The bowlers drew the tournament opener. Press conference tomorrow üëç,sports
Markets signaled capital inflows. Volatility remained high üëç,finance
FYI: The coach drew training camp. Press conference tomorrow,sports
Apple announced a smartphone. Beta invites are open,tech
Investors projected capital inflows. Volatility remained high,finance
FYI: Hospitals studied patient outcomes. Safety profile looks good,health
India lost the series decider. Press conference tomorrow,sports
Microsoft updated a research paper. Open source on GitHub Thanks.,tech
Investors cut capital inflows. Bonds rallied Thanks.,finance
Doctors approved a new vaccine. Rollout begins next month,health
The WHO studied telemedicine use! Guidelines were updated,health
Analysts cut GDP growth. Bonds rallied Please advise.,finance
The fund cut interest rates. Volatility remained high üëç,finance
RBI cut Q2 earnings. Rupee strengthened Thanks.,finance
Doctors approved patient outcomes. Guidelines were updated Please advise.,health
Researchers approved patient outcomes. Rollout begins next month,health
Hospitals approved trial results. Rollout begins next month Thanks.,health
Apple updated cloud tools. Early access for students Please advise.,tech
India prepared for training camp. Press conference tomorrow,sports
The captain drew the final match. Press conference tomorrow,sports
SEBI raised inflation pressure. Bonds rallied Please advise.,finance
The team drew the series decider. Press conference tomorrow üëç,sports
Investors signaled interest rates. Rupee strengthened Please advise.,finance
FYI: SEBI reported interest rates. Volatility remained high,finance
The startup updated GPU drivers! Early access for students,tech
Developers announced a smartphone. Early access for students Thanks.,tech
The captain drew training camp! Injury update expected,sports
Doctors recommended patient outcomes. Safety profile looks good Thanks.,health
Microsoft built a smartphone! Early access for students,tech
Investors cut interest rates. Bonds rallied Thanks.,finance
Analysts cut GDP growth. Equities pared gains,finance
India drew the tournament opener. Injury update expected üëç,sports
The striker won the series decider. Injury update expected,sports
The bowlers drew the final match. A record crowd attended,sports
Scientists reported trial results. Rollout begins next month Please advise.,health
The captain prepared for training camp. Injury update expected,sports
Investors raised interest rates. Rupee strengthened,finance
Apple updated a smartphone. Open source on GitHub,tech
Researchers reported patient outcomes. Rollout begins next month,health
Microsoft built GPU drivers. Open source on GitHub,tech
The startup launched a research paper. Beta invites are open,tech
Developers updated GPU drivers. Early access for students,tech
The WHO recommended trial results. Guidelines were updated Please advise.,health
India drew the final match! A record crowd attended,sports
Hospitals approved patient outcomes! Rollout begins next month,health
The fund signaled GDP growth. Bonds rallied,finance
FYI: The coach won a close game. Injury update expected,sports
FYI: Investors projected GDP growth. Equities pared gains,finance
FYI: SEBI projected GDP growth. Volatility remained high,finance
Doctors approved telemedicine use. Safety profile looks good,health
The bowlers prepared for the final match. Injury update expected,sports
The startup built GPU drivers. Early access for students üëç,tech
FYI: The bowlers won the tournament opener. Press conference tomorrow,sports
FYI: The coach lost the tournament opener. Injury update expected,sports
Investors raised GDP growth. Bonds rallied Please advise.,finance
The coach lost the final match. A record crowd attended,sports
Microsoft released a new AI model! Beta invites are open,tech
OpenAI announced cloud tools. Beta invites are open Please advise.,tech
Researchers approved patient outcomes. Guidelines were updated Thanks.,health
Apple released GPU drivers. Beta invites are open,tech
Clinics studied rare symptoms. Safety profile looks good,health
India drew training camp. Fans celebrated Please advise.,sports
RBI projected capital inflows! Equities pared gains,finance
OpenAI announced a research paper. Open source on GitHub,tech
FYI: India dominated the final match. A record crowd attended,sports
FYI: The captain dominated the final match. A record crowd attended,sports
Scientists recommended rare symptoms. More data is needed,health
Researchers recommended rare symptoms. Safety profile looks good,health
The fund raised inflation pressure. Equities pared gains üëç,finance
Apple updated GPU drivers. Open source on GitHub Please advise.,tech
Clinics approved telemedicine use. Guidelines were updated Thanks.,health
The striker lost the tournament opener. Press conference tomorrow Please advise.,sports
FYI: The bowlers won a close game. Fans celebrated,sports
FYI: The bowlers won the series decider. Press conference tomorrow,sports
SEBI raised capital inflows. Bonds rallied Please advise.,finance
Markets reported capital inflows! Rupee strengthened,finance
SEBI raised GDP growth. Equities pared gains üëç,finance
RBI reported interest rates. Bonds rallied,finance
SEBI raised interest rates. Volatility remained high,finance
Hospitals reported a new vaccine. More data is needed,health
FYI: Clinics approved patient outcomes. Guidelines were updated,health
The bowlers won a close game! A record crowd attended,sports
Markets reported capital inflows. Bonds rallied Please advise.,finance
The coach lost training camp. A record crowd attended,sports
Hospitals approved rare symptoms. Safety profile looks good Please advise.,health
The captain won the tournament opener. Press conference tomorrow Please advise.,sports
FYI: The bowlers won the series decider. Press conference tomorrow,sports
Doctors approved rare symptoms. Rollout begins next month,health
The fund reported GDP growth. Equities pared gains Please advise.,finance
Markets signaled Q2 earnings. Equities pared gains Thanks.,finance
Scientists approved trial results. More data is needed Thanks.,health
The fund raised inflation pressure. Equities pared gains,finance
The fund projected Q2 earnings. Volatility remained high üëç,finance
FYI: Doctors studied patient outcomes. Rollout begins next month,health
The fund projected Q2 earnings. Rupee strengthened üëç,finance
Researchers approved telemedicine use. Rollout begins next month,health
Google announced a new AI model! Beta invites are open,tech
The bowlers dominated training camp. Press conference tomorrow üëç,sports
Analysts signaled interest rates. Bonds rallied,finance
FYI: SEBI cut GDP growth. Equities pared gains,finance
The fund signaled interest rates. Equities pared gains Thanks.,finance
The WHO reported trial results. Rollout begins next month Thanks.,health
Investors signaled inflation pressure! Rupee strengthened,finance
FYI: The bowlers dominated the series decider. A record crowd attended,sports
Clinics approved rare symptoms. Guidelines were updated,health
The bowlers prepared for the tournament opener. Press conference tomorrow Please advise.,sports
The captain lost training camp. A record crowd attended,sports
The captain drew training camp. Injury update expected üëç,sports
SEBI raised Q2 earnings. Volatility remained high,finance
The coach lost a close game. A record crowd attended,sports
Microsoft announced cloud tools. Beta invites are open Thanks.,tech
The captain prepared for the series decider. Press conference tomorrow Thanks.,sports
Investors projected inflation pressure. Rupee strengthened üëç,finance
The captain drew the tournament opener. Press conference tomorrow Please advise.,sports
Clinics recommended a new vaccine. Rollout begins next month,health
FYI: The fund raised Q2 earnings. Equities pared gains,finance
FYI: The captain drew the series decider. Press conference tomorrow,sports
FYI: The fund reported Q2 earnings. Equities pared gains,finance
Researchers recommended telemedicine use. Rollout begins next month,health
FYI: Microsoft updated a research paper. Open source on GitHub,tech
The fund projected GDP growth. Volatility remained high Please advise.,finance
FYI: SEBI raised inflation pressure. Volatility remained high,finance
The captain drew training camp. A record crowd attended Thanks.,sports
Hospitals studied trial results. Safety profile looks good Please advise.,health
Developers built a new AI model. Early access for students üëç,tech
Doctors approved rare symptoms. Safety profile looks good Please advise.,health
Google updated a research paper. Beta invites are open,tech
Analysts reported GDP growth. Equities pared gains,finance
Developers released a smartphone. Early access for students Please advise.,tech
Analysts raised capital inflows. Equities pared gains Thanks.,finance
FYI: The coach lost the tournament opener. A record crowd attended,sports
The bowlers drew the series decider. Fans celebrated,sports
FYI: OpenAI released cloud tools. Beta invites are open,tech
NVIDIA released a new AI model. Enterprise plan coming soon Thanks.,tech
FYI: The startup built a new AI model. Open source on GitHub,tech
The striker won the series decider. A record crowd attended üëç,sports
India won the series decider! A record crowd attended,sports
Scientists reported telemedicine use. Safety profile looks good Thanks.,health
Hospitals recommended rare symptoms. Rollout begins next month üëç,health
India prepared for the series decider. Injury update expected Thanks.,sports
Developers updated a smartphone. Beta invites are open,tech
FYI: Google updated GPU drivers. Early access for students,tech
Analysts signaled capital inflows. Bonds rallied Please advise.,finance
Clinics recommended telemedicine use. More data is needed Please advise.,health
FYI: Hospitals approved rare symptoms. Rollout begins next month,health
The bowlers dominated the series decider. A record crowd attended Thanks.,sports
Google announced a new AI model. Open source on GitHub,tech
FYI: Hospitals tested patient outcomes. Guidelines were updated,health
The captain won the final match. A record crowd attended Please advise.,sports
FYI: Investors signaled capital inflows. Bonds rallied,finance
RBI signaled capital inflows. Equities pared gains Thanks.,finance
Doctors studied rare symptoms. Rollout begins next month üëç,health
FYI: Google updated GPU drivers. Early access for students,tech
Markets reported capital inflows. Bonds rallied,finance
Researchers recommended patient outcomes. Guidelines were updated üëç,health
Microsoft released a research paper. Early access for students üëç,tech
The coach dominated the series decider. Fans celebrated,sports
Clinics reported patient outcomes. Guidelines were updated,health
The team drew training camp. Injury update expected Thanks.,sports
The team won the series decider. Injury update expected Please advise.,sports
FYI: Developers built GPU drivers. Beta invites are open,tech
Markets projected GDP growth. Equities pared gains Thanks.,finance
The striker prepared for the series decider. Press conference tomorrow Thanks.,sports
OpenAI released a new AI model. Enterprise plan coming soon,tech
Microsoft launched cloud tools. Beta invites are open,tech
OpenAI announced a research paper. Beta invites are open,tech
Investors reported interest rates. Volatility remained high Thanks.,finance
The fund signaled Q2 earnings. Equities pared gains,finance
The bowlers won training camp. Fans celebrated üëç,sports
The WHO approved rare symptoms. Safety profile looks good,health
Developers released a new AI model. Open source on GitHub Thanks.,tech
Scientists tested telemedicine use. Guidelines were updated üëç,health
FYI: The team drew the tournament opener. Injury update expected,sports
Analysts cut inflation pressure. Equities pared gains üëç,finance
The fund signaled GDP growth. Rupee strengthened Please advise.,finance
FYI: The team won the tournament opener. A record crowd attended,sports
Researchers reported rare symptoms. Rollout begins next month,health
The striker drew training camp. Injury update expected Thanks.,sports
Developers updated cloud tools. Beta invites are open,tech
The bowlers prepared for the final match. Fans celebrated Please advise.,sports
The team lost training camp. Press conference tomorrow Thanks.,sports
Scientists studied patient outcomes. More data is needed Please advise.,health
Apple built a smartphone. Open source on GitHub Thanks.,tech
Analysts reported inflation pressure. Bonds rallied Thanks.,finance
Clinics recommended a new vaccine. Rollout begins next month,health
Developers announced GPU drivers. Beta invites are open,tech
Investors cut capital inflows. Equities pared gains,finance
OpenAI announced a smartphone. Beta invites are open,tech
The captain prepared for the series decider. Press conference tomorrow üëç,sports
The startup built GPU drivers. Enterprise plan coming soon,tech
Clinics approved telemedicine use. Guidelines were updated Thanks.,health
The WHO reported a new vaccine. More data is needed Thanks.,health
India dominated the series decider. Press conference tomorrow üëç,sports
FYI: Markets raised inflation pressure. Equities pared gains,finance
Doctors studied rare symptoms! Safety profile looks good,health
Scientists tested patient outcomes. Rollout begins next month üëç,health
RBI signaled inflation pressure. Equities pared gains Thanks.,finance
The captain drew the series decider. A record crowd attended,sports
India drew the series decider. Fans celebrated,sports
India prepared for the series decider. A record crowd attended Thanks.,sports
The fund projected Q2 earnings. Volatility remained high üëç,finance
Clinics approved rare symptoms. More data is needed,health
RBI raised inflation pressure! Volatility remained high,finance
The WHO recommended patient outcomes. Safety profile looks good üëç,health
FYI: Hospitals tested a new vaccine. Safety profile looks good,health
RBI signaled capital inflows. Volatility remained high,finance
Investors cut capital inflows. Rupee strengthened Please advise.,finance
Analysts cut capital inflows. Rupee strengthened Thanks.,finance
The striker drew the final match. Press conference tomorrow Thanks.,sports
FYI: The bowlers lost training camp. Press conference tomorrow,sports
Apple released cloud tools. Beta invites are open,tech
FYI: The striker prepared for the series decider. Press conference tomorrow,sports
The team dominated the tournament opener. Press conference tomorrow üëç,sports
Investors projected capital inflows. Volatility remained high,finance
RBI projected interest rates! Volatility remained high,finance
FYI: The startup announced a research paper. Open source on GitHub,tech
Apple launched a research paper. Beta invites are open,tech
The WHO studied rare symptoms. Safety profile looks good üëç,health
Google announced a new AI model. Beta invites are open,tech
Scientists studied telemedicine use. More data is needed Thanks.,health
Scientists tested rare symptoms. More data is needed,health
FYI: Microsoft released a new AI model. Beta invites are open,tech
Google built cloud tools. Enterprise plan coming soon,tech
The bowlers lost the tournament opener. Press conference tomorrow Please advise.,sports
Developers built cloud tools! Beta invites are open,tech
FYI: Markets signaled Q2 earnings. Equities pared gains,finance
Clinics tested a new vaccine. Guidelines were updated üëç,health
Microsoft announced cloud tools. Enterprise plan coming soon üëç,tech
RBI raised capital inflows. Equities pared gains üëç,finance
Clinics recommended trial results. Guidelines were updated üëç,health
Google built GPU drivers. Early access for students Thanks.,tech
RBI raised GDP growth! Bonds rallied,finance
Investors signaled interest rates. Bonds rallied,finance
RBI raised inflation pressure. Bonds rallied,finance
OpenAI launched a smartphone. Early access for students üëç,tech
Markets signaled capital inflows. Equities pared gains,finance
Developers announced GPU drivers! Beta invites are open,tech
Hospitals reported trial results. Rollout begins next month üëç,health
RBI cut capital inflows. Bonds rallied,finance
The striker drew a close game. Fans celebrated Please advise.,sports
SEBI projected GDP growth. Bonds rallied,finance
Hospitals approved rare symptoms. More data is needed Thanks.,health
FYI: The captain lost the series decider. Fans celebrated,sports
Analysts projected inflation pressure! Bonds rallied,finance
Doctors approved telemedicine use! Rollout begins next month,health
Markets cut inflation pressure. Equities pared gains,finance
RBI cut capital inflows! Bonds rallied,finance
The startup updated a new AI model. Beta invites are open Thanks.,tech
Researchers tested telemedicine use. Guidelines were updated Thanks.,health
The startup built a new AI model! Early access for students,tech
India won the tournament opener. Press conference tomorrow,sports
FYI: The striker prepared for the series decider. Injury update expected,sports
Doctors approved telemedicine use. Rollout begins next month,health
The team prepared for a close game. A record crowd attended üëç,sports
India drew a close game! Injury update expected,sports
Developers launched a smartphone. Enterprise plan coming soon Please advise.,tech
FYI: The startup launched a smartphone. Enterprise plan coming soon,tech
The fund reported interest rates. Equities pared gains,finance
The striker dominated the tournament opener. Fans celebrated Thanks.,sports
Investors projected capital inflows. Bonds rallied,finance
Google updated a research paper. Open source on GitHub Please advise.,tech
Analysts cut capital inflows. Bonds rallied,finance
FYI: India won a close game. Press conference tomorrow,sports
FYI: SEBI signaled capital inflows. Volatility remained high,finance
Doctors studied patient outcomes. More data is needed üëç,health
The bowlers prepared for training camp. Press conference tomorrow,sports
Doctors recommended telemedicine use. Guidelines were updated Thanks.,health
The fund raised GDP growth. Bonds rallied üëç,finance
The WHO studied a new vaccine. More data is needed üëç,health
Analysts projected GDP growth. Rupee strengthened Please advise.,finance
Investors raised inflation pressure. Bonds rallied Please advise.,finance
RBI reported inflation pressure. Bonds rallied,finance
The bowlers won the tournament opener. Press conference tomorrow Please advise.,sports
The team drew the tournament opener. Press conference tomorrow Thanks.,sports
The captain dominated the final match. Press conference tomorrow üëç,sports
Investors signaled inflation pressure. Rupee strengthened Thanks.,finance
NVIDIA announced a smartphone. Beta invites are open Please advise.,tech
The WHO tested patient outcomes! Safety profile looks good,health
The startup announced cloud tools. Early access for students Thanks.,tech
Scientists studied trial results. More data is needed Thanks.,health
SEBI projected interest rates. Volatility remained high üëç,finance
The bowlers drew the final match. Injury update expected Please advise.,sports
Researchers recommended patient outcomes! Safety profile looks good,health
FYI: The bowlers dominated a close game. Press conference tomorrow,sports
Hospitals recommended telemedicine use. Guidelines were updated Thanks.,health
The startup launched cloud tools! Open source on GitHub,tech
India won the final match. A record crowd attended Thanks.,sports
OpenAI released cloud tools. Open source on GitHub üëç,tech
NVIDIA released a smartphone! Open source on GitHub,tech
Investors signaled Q2 earnings. Volatility remained high üëç,finance
Markets reported capital inflows. Volatility remained high Please advise.,finance
Researchers recommended patient outcomes! Safety profile looks good,health
Developers released a smartphone. Open source on GitHub Please advise.,tech
